Method,Name,Error,Occurrences
POST,/api/v1/travelservice/trips/left,RemoteDisconnected('Remote end closed connection without response'),4852
GET,/api/v1/contactservice/contacts/account/e5205dda-f7e8-4436-a21f-5d81bf104d8f,RemoteDisconnected('Remote end closed connection without response'),8
GET,/api/v1/contactservice/contacts/account/c814c7ac-b981-41db-acbb-b36e8fab0de5,RemoteDisconnected('Remote end closed connection without response'),8
GET,/api/v1/contactservice/contacts/account/62db6b00-49bc-4c0d-9f99-9fa54422e4e7,RemoteDisconnected('Remote end closed connection without response'),6
GET,/api/v1/contactservice/contacts/account/d728db5f-78d0-4566-896e-aac56a68a9ad,RemoteDisconnected('Remote end closed connection without response'),3
GET,/api/v1/contactservice/contacts/account/ce5e9c39-2941-4971-a025-2493a56e8149,RemoteDisconnected('Remote end closed connection without response'),4
GET,/api/v1/contactservice/contacts/account/93c3ff0c-9540-4a89-b97c-0636b6f4085c,RemoteDisconnected('Remote end closed connection without response'),2
GET,/api/v1/contactservice/contacts/account/bd6d762b-bc39-4f07-ab8d-7311b8777a01,RemoteDisconnected('Remote end closed connection without response'),2
GET,/api/v1/contactservice/contacts/account/a8b96b5a-5145-41eb-9a55-6b45cc6d5bdd,RemoteDisconnected('Remote end closed connection without response'),6
GET,/api/v1/contactservice/contacts/account/e6d0fee0-7ba6-4547-a814-5c06c14dcdfa,RemoteDisconnected('Remote end closed connection without response'),6
GET,/api/v1/contactservice/contacts/account/6d3e2d6f-b762-4a93-a46f-e6abab941f32,RemoteDisconnected('Remote end closed connection without response'),3
GET,/api/v1/contactservice/contacts/account/a790c602-d642-4a9b-9d2c-4d79143eaf9c,"ConnectionResetError(104, 'Connection reset by peer')",1
GET,/api/v1/contactservice/contacts/account/1ffa0a27-5231-474b-a552-9a7e968eb736,RemoteDisconnected('Remote end closed connection without response'),5
GET,/api/v1/contactservice/contacts/account/89ebca69-6dd0-4c07-9ec0-77ecb279b16f,RemoteDisconnected('Remote end closed connection without response'),12
GET,/api/v1/contactservice/contacts/account/f6c43257-689b-4be7-9502-9b35772c65aa,RemoteDisconnected('Remote end closed connection without response'),10
GET,/api/v1/contactservice/contacts/account/ac9b5627-71da-4bff-8dc6-eacbaa67344f,RemoteDisconnected('Remote end closed connection without response'),6
GET,/api/v1/contactservice/contacts/account/362987f6-ad11-486f-96ef-5e54593476b0,RemoteDisconnected('Remote end closed connection without response'),4
GET,/api/v1/contactservice/contacts/account/e4b5afb0-c064-46cb-a0e4-1eb43d15a357,RemoteDisconnected('Remote end closed connection without response'),9
GET,/api/v1/contactservice/contacts/account/be98a78b-cc98-4481-885c-0ae974f25293,RemoteDisconnected('Remote end closed connection without response'),4
GET,/api/v1/contactservice/contacts/account/acb4a955-7feb-4712-a4bc-196790778e45,RemoteDisconnected('Remote end closed connection without response'),3
GET,/api/v1/contactservice/contacts/account/ba103d5d-352a-4706-ad4a-ef97de20be00,RemoteDisconnected('Remote end closed connection without response'),23
GET,/api/v1/contactservice/contacts/account/956b754e-98b1-40ba-8e61-368229d2cf35,RemoteDisconnected('Remote end closed connection without response'),9
GET,/admin_user.html,"ConnectionResetError(104, 'Connection reset by peer')",2
GET,/api/v1/contactservice/contacts/account/42fb31ac-0ffa-4fa8-a143-4c55642530af,RemoteDisconnected('Remote end closed connection without response'),4
GET,/api/v1/contactservice/contacts/account/f60d3fd2-41a5-4c75-9161-10b385871e22,RemoteDisconnected('Remote end closed connection without response'),4
GET,/api/v1/contactservice/contacts/account/35633ba0-f025-43c5-99c0-44482a4d95fb,RemoteDisconnected('Remote end closed connection without response'),6
GET,/api/v1/contactservice/contacts/account/11334e72-257d-4cf0-98ad-4b6812919488,RemoteDisconnected('Remote end closed connection without response'),10
GET,/api/v1/contactservice/contacts/account/f088895b-8955-4bcd-9213-a587dbd846b1,RemoteDisconnected('Remote end closed connection without response'),3
GET,/api/v1/contactservice/contacts/account/9eae1f6e-befd-416b-8575-eaff379c42bc,RemoteDisconnected('Remote end closed connection without response'),3
GET,/api/v1/contactservice/contacts/account/ce8db923-8408-4378-9345-95053cc4368a,RemoteDisconnected('Remote end closed connection without response'),4
GET,/client_ticket_book.html?tripId=D1345&from=Shang%20Hai&to=Su%20Zhou&seatType=2&seat_price=50.0&date=2024-08-16,"ConnectionResetError(104, 'Connection reset by peer')",89
GET,/api/v1/contactservice/contacts/account/3add6531-dc32-4113-8917-8bc38a04e5d5,RemoteDisconnected('Remote end closed connection without response'),7
GET,/api/v1/assuranceservice/assurances/types,RemoteDisconnected('Remote end closed connection without response'),4465
GET,/api/v1/contactservice/contacts/account/d14f26f7-de61-4c4d-8609-8480e503f17a,RemoteDisconnected('Remote end closed connection without response'),3
GET,/api/v1/contactservice/contacts/account/86e0ed85-be8e-422a-a5f3-e1c9599ecfa7,RemoteDisconnected('Remote end closed connection without response'),3
GET,/api/v1/contactservice/contacts/account/31aa4480-799c-4a91-a531-b263199a6729,RemoteDisconnected('Remote end closed connection without response'),4
GET,/api/v1/contactservice/contacts/account/e57c8104-ae62-493b-9c82-ade04e013933,RemoteDisconnected('Remote end closed connection without response'),3
GET,/api/v1/contactservice/contacts/account/0b9dad56-a248-467d-ab17-0f0c3d16d9c6,RemoteDisconnected('Remote end closed connection without response'),9
GET,/api/v1/contactservice/contacts/account/4d2a46c7-71cb-4cf1-b5bb-b68406d9da6f,RemoteDisconnected('Remote end closed connection without response'),629
GET,/api/v1/contactservice/contacts/account/53d527e0-d163-42f3-bf33-7094774a325b,RemoteDisconnected('Remote end closed connection without response'),8
GET,/api/v1/contactservice/contacts/account/938bcda4-7ba9-4d6d-99f9-c5c7f4c495a0,RemoteDisconnected('Remote end closed connection without response'),4
GET,/api/v1/contactservice/contacts/account/3b196d90-0869-4520-b9bc-2df997e3410f,RemoteDisconnected('Remote end closed connection without response'),6
GET,/api/v1/contactservice/contacts/account/fea84b4b-5428-47ae-bbf7-64324885674c,RemoteDisconnected('Remote end closed connection without response'),3
GET,/api/v1/contactservice/contacts/account/18a833a4-d2d2-4b9f-b9ec-8f930a1b883a,RemoteDisconnected('Remote end closed connection without response'),4
GET,/api/v1/contactservice/contacts/account/2f3ff8c1-4893-4524-82b1-e7864ed90880,RemoteDisconnected('Remote end closed connection without response'),5
GET,/api/v1/contactservice/contacts/account/bed5bcae-5b2b-4eef-93b0-bcdb38e0ad91,"ConnectionResetError(104, 'Connection reset by peer')",1
GET,/client_login.html,RemoteDisconnected('Remote end closed connection without response'),4924
GET,/api/v1/contactservice/contacts/account/5f8bf78f-d699-4d3e-b136-5f6f16d82147,RemoteDisconnected('Remote end closed connection without response'),10
GET,/api/v1/contactservice/contacts/account/c764060f-2d82-489e-b5fd-21c9a4c0763b,RemoteDisconnected('Remote end closed connection without response'),11
GET,/api/v1/contactservice/contacts/account/c481019a-4865-485e-8ab5-d1547d4faaf3,RemoteDisconnected('Remote end closed connection without response'),19
GET,/api/v1/contactservice/contacts/account/90b6880e-c8cf-4fcd-8d62-c91ff3ecb020,RemoteDisconnected('Remote end closed connection without response'),9
GET,/api/v1/contactservice/contacts/account/77af4c54-5890-4418-928c-d84ea9337301,RemoteDisconnected('Remote end closed connection without response'),4
GET,/api/v1/contactservice/contacts/account/d728db5f-78d0-4566-896e-aac56a68a9ad,"ConnectionResetError(104, 'Connection reset by peer')",1
GET,/api/v1/contactservice/contacts/account/cec0b6ed-6236-470c-af33-bc011a049599,RemoteDisconnected('Remote end closed connection without response'),6
GET,/api/v1/contactservice/contacts/account/ebc30e6c-72ca-442c-811a-8bc6d23c4873,RemoteDisconnected('Remote end closed connection without response'),1
GET,/api/v1/contactservice/contacts/account/eeb93da5-48a4-4c17-a64d-6a957eddd835,RemoteDisconnected('Remote end closed connection without response'),3
GET,/api/v1/contactservice/contacts/account/1e10dff5-7e78-4e85-bb87-5aee631c805d,RemoteDisconnected('Remote end closed connection without response'),13
GET,/api/v1/contactservice/contacts/account/4a4131d1-ff00-4b62-b803-999e3f90c031,RemoteDisconnected('Remote end closed connection without response'),4
GET,/api/v1/contactservice/contacts/account/df0882d9-8109-4b95-8a4d-6a4b9ae761cc,RemoteDisconnected('Remote end closed connection without response'),5
GET,/api/v1/contactservice/contacts/account/52cb86bd-6d0f-4b59-a852-084abdd4d122,RemoteDisconnected('Remote end closed connection without response'),4
GET,/api/v1/contactservice/contacts/account/f91b4b69-4caa-4d4f-b57f-0176e3e6c489,RemoteDisconnected('Remote end closed connection without response'),2
GET,/api/v1/contactservice/contacts/account/a1faafc0-d80b-4b4d-b05a-a940a181e4ed,RemoteDisconnected('Remote end closed connection without response'),6
GET,/api/v1/contactservice/contacts/account/ffb40ca2-354c-4bce-b9f1-429e91f77ee4,RemoteDisconnected('Remote end closed connection without response'),5
POST,/api/v1/preserveservice/preserve,HTTPError('504 Server Error: Gateway Time-out for url: /api/v1/preserveservice/preserve'),700
GET,/api/v1/contactservice/contacts/account/3b62cd9c-7710-400a-8d3b-b5c2b7c275ea,RemoteDisconnected('Remote end closed connection without response'),2
GET,/api/v1/contactservice/contacts/account/eb242f9a-aabf-4db5-8173-90bfd5a63dae,RemoteDisconnected('Remote end closed connection without response'),11
GET,/api/v1/contactservice/contacts/account/391226ee-cc7d-400e-8b1b-d0b6310d393a,RemoteDisconnected('Remote end closed connection without response'),7
GET,/api/v1/contactservice/contacts/account/5204edd6-a861-47e9-98b5-dd8d452ce41f,RemoteDisconnected('Remote end closed connection without response'),9
GET,/api/v1/contactservice/contacts/account/8a48641f-f90b-4f0a-a465-397e19d7039a,RemoteDisconnected('Remote end closed connection without response'),5
GET,/api/v1/contactservice/contacts/account/0b1493a5-66cb-49c8-8973-241248e5eba0,RemoteDisconnected('Remote end closed connection without response'),5
GET,/api/v1/contactservice/contacts/account/999aa7e2-cdc2-492a-9ddd-04b4af177433,RemoteDisconnected('Remote end closed connection without response'),9
GET,/api/v1/contactservice/contacts/account/0b639ab0-b495-49c9-9554-046626ddc3bf,RemoteDisconnected('Remote end closed connection without response'),3
GET,/api/v1/adminorderservice/adminorder,"ConnectionResetError(104, 'Connection reset by peer')",6
GET,/api/v1/contactservice/contacts/account/a16f55c4-7fd6-4cf7-a9c1-9c67ed83491f,RemoteDisconnected('Remote end closed connection without response'),6
GET,/api/v1/contactservice/contacts/account/6f858c30-41b5-459d-be1d-d936fb3dc2b7,RemoteDisconnected('Remote end closed connection without response'),8
GET,/api/v1/contactservice/contacts/account/35d0a7c4-5fea-4d6b-9040-4a605d06ea7b,RemoteDisconnected('Remote end closed connection without response'),6
GET,/api/v1/contactservice/contacts/account/f9330287-5931-4327-8cb6-bfba28420085,RemoteDisconnected('Remote end closed connection without response'),4
GET,/api/v1/contactservice/contacts/account/6f2eba0e-a446-4501-beac-0b4ec54f50a4,RemoteDisconnected('Remote end closed connection without response'),4
GET,/api/v1/contactservice/contacts/account/b19fa505-6622-4adb-a9f2-15fd58cd3344,RemoteDisconnected('Remote end closed connection without response'),3
GET,/api/v1/contactservice/contacts/account/a4416e14-79d9-4b7a-8cd5-ac997cd72376,RemoteDisconnected('Remote end closed connection without response'),7
GET,/api/v1/contactservice/contacts/account/8b57be5b-1a28-48d3-972e-19acb8190052,RemoteDisconnected('Remote end closed connection without response'),10
GET,/api/v1/contactservice/contacts/account/5333e51a-c8bb-4484-b01d-b94af7837601,RemoteDisconnected('Remote end closed connection without response'),3
GET,/api/v1/contactservice/contacts/account/80cd4af3-7777-46dd-bfee-2647fcea1976,RemoteDisconnected('Remote end closed connection without response'),9
GET,/api/v1/contactservice/contacts/account/261799b4-7519-4751-b942-3affbd05478c,RemoteDisconnected('Remote end closed connection without response'),4
GET,/api/v1/contactservice/contacts/account/c44dcdbc-7ac5-45ad-9f06-b0e92d657386,RemoteDisconnected('Remote end closed connection without response'),7
GET,/api/v1/contactservice/contacts/account/21d83c5e-e919-4a75-af7f-f8fc0224b14c,RemoteDisconnected('Remote end closed connection without response'),10
GET,/api/v1/contactservice/contacts/account/974e989d-27d9-4c44-b863-6da9b0d6c972,RemoteDisconnected('Remote end closed connection without response'),7
GET,/api/v1/contactservice/contacts/account/174cda64-35a1-4a39-951e-f450ef83b4b7,RemoteDisconnected('Remote end closed connection without response'),3
GET,/api/v1/contactservice/contacts/account/12a17b31-c755-4ce8-8d92-aa5313544c0a,RemoteDisconnected('Remote end closed connection without response'),6
GET,/api/v1/contactservice/contacts/account/77f0b06b-de89-49fd-aeaf-45e7e49773a0,RemoteDisconnected('Remote end closed connection without response'),2
GET,/api/v1/contactservice/contacts/account/bea32ab2-05d3-4d59-8f1a-1c186b889f21,RemoteDisconnected('Remote end closed connection without response'),7
GET,/api/v1/contactservice/contacts/account/e1ae5c05-0d10-4ef2-856d-cc3bdccaf27a,RemoteDisconnected('Remote end closed connection without response'),14
GET,/api/v1/contactservice/contacts/account/d0428289-85de-4edb-b973-3fa0d651c046,RemoteDisconnected('Remote end closed connection without response'),4
GET,/api/v1/contactservice/contacts/account/7e00d260-4260-43ad-9a2a-c08442f426c7,RemoteDisconnected('Remote end closed connection without response'),5
GET,/api/v1/contactservice/contacts/account/405f2ffc-5c29-4b55-af7b-528c6a7e9627,RemoteDisconnected('Remote end closed connection without response'),10
GET,/api/v1/contactservice/contacts/account/45d17983-18e4-427c-9501-fabcbd4df022,RemoteDisconnected('Remote end closed connection without response'),6
GET,/api/v1/contactservice/contacts/account/e9e4cbed-5e01-4f62-b830-ecb87139fefe,RemoteDisconnected('Remote end closed connection without response'),2
GET,/api/v1/contactservice/contacts/account/657504d0-74ce-456f-b45d-bbb5cde1e4c0,"ConnectionResetError(104, 'Connection reset by peer')",1
GET,/api/v1/contactservice/contacts/account/36d5fd0f-613d-4a21-abf9-e6b3c5955902,RemoteDisconnected('Remote end closed connection without response'),4
GET,/api/v1/contactservice/contacts/account/1ff87257-a8a1-4ed2-917f-0fd1c3ec0726,RemoteDisconnected('Remote end closed connection without response'),6
GET,/api/v1/contactservice/contacts/account/9bc60320-cbe2-4263-8a99-46a9b3abbdfd,RemoteDisconnected('Remote end closed connection without response'),2
GET,/api/v1/contactservice/contacts/account/a098e337-94a6-4cf9-b970-aaa31e8911cc,RemoteDisconnected('Remote end closed connection without response'),10
GET,/api/v1/contactservice/contacts/account/76affabc-143c-43cf-9b4d-3d61f276b149,RemoteDisconnected('Remote end closed connection without response'),4
GET,/api/v1/contactservice/contacts/account/f2edae9c-1436-4bc4-9905-447ce955dd60,RemoteDisconnected('Remote end closed connection without response'),4
GET,/api/v1/contactservice/contacts/account/686c2e6b-fdfa-4c76-ae69-2c27b7df2e7c,RemoteDisconnected('Remote end closed connection without response'),11
GET,/api/v1/contactservice/contacts/account/2f51145f-36ac-47d5-b581-8eaa22c9d712,RemoteDisconnected('Remote end closed connection without response'),4
GET,/api/v1/contactservice/contacts/account/e3a5aa67-4764-40bb-bba0-8e6cb9185dce,RemoteDisconnected('Remote end closed connection without response'),9
GET,/api/v1/contactservice/contacts/account/d723eab5-9cf0-4c91-a682-d0b65ab4dea2,RemoteDisconnected('Remote end closed connection without response'),3
GET,/api/v1/contactservice/contacts/account/409ec491-b2e1-4ed8-977c-98fdfb93059f,RemoteDisconnected('Remote end closed connection without response'),10
GET,/api/v1/contactservice/contacts/account/d1c1f653-62f2-4f8d-9058-147f78585b11,RemoteDisconnected('Remote end closed connection without response'),8
GET,/api/v1/contactservice/contacts/account/0c6aec88-fc3e-4c11-a5fa-03fda0ebd3aa,RemoteDisconnected('Remote end closed connection without response'),12
GET,/api/v1/contactservice/contacts/account/704f61cc-2382-48a8-bd29-8af220bcb528,RemoteDisconnected('Remote end closed connection without response'),4
GET,/api/v1/contactservice/contacts/account/c8f29eef-bc11-40de-a711-f24f8943e35c,RemoteDisconnected('Remote end closed connection without response'),2
GET,/api/v1/contactservice/contacts/account/c764060f-2d82-489e-b5fd-21c9a4c0763b,"ConnectionResetError(104, 'Connection reset by peer')",1
GET,/api/v1/contactservice/contacts/account/8612dadb-292f-49f0-8a7e-5320cd8a2049,RemoteDisconnected('Remote end closed connection without response'),3
GET,/api/v1/contactservice/contacts/account/6c1d41db-c79b-4d7d-95bc-6cd3fa849dc3,RemoteDisconnected('Remote end closed connection without response'),2
GET,/api/v1/contactservice/contacts/account/0e1b8c76-da3a-4812-8cdd-cc02f9eb2d0d,RemoteDisconnected('Remote end closed connection without response'),11
GET,/api/v1/contactservice/contacts/account/d3ea3d31-dc77-4267-ba22-e613b6898662,RemoteDisconnected('Remote end closed connection without response'),5
GET,/api/v1/contactservice/contacts/account/,RemoteDisconnected('Remote end closed connection without response'),1728
GET,/api/v1/contactservice/contacts/account/83f28c6b-eca8-4b24-a08f-32a8d826392e,RemoteDisconnected('Remote end closed connection without response'),4
GET,/api/v1/contactservice/contacts/account/4aa1a614-9880-4a14-bc4c-42b5c69875e0,RemoteDisconnected('Remote end closed connection without response'),4
GET,/adminlogin.html,"ConnectionResetError(104, 'Connection reset by peer')",57
GET,/api/v1/contactservice/contacts/account/,HTTPError('403 Client Error:  for url: /api/v1/contactservice/contacts/account/'),177
GET,/api/v1/contactservice/contacts/account/2bce1e42-9e91-4229-a007-96de2af4bdbd,RemoteDisconnected('Remote end closed connection without response'),11
GET,/api/v1/contactservice/contacts/account/a01251a1-2a78-4e9c-818c-a632133d8f7c,RemoteDisconnected('Remote end closed connection without response'),4
GET,/client_ticket_book.html?tripId=D1345&from=Shang%20Hai&to=Su%20Zhou&seatType=2&seat_price=50.0&date=2024-08-16,RemoteDisconnected('Remote end closed connection without response'),4500
GET,/api/v1/contactservice/contacts/account/88bba8d5-ddab-4b04-92c8-a01316eaaafd,RemoteDisconnected('Remote end closed connection without response'),2
GET,/api/v1/contactservice/contacts/account/a1be324d-18f2-4e96-846f-822dfb2f03c7,RemoteDisconnected('Remote end closed connection without response'),5
GET,/api/v1/contactservice/contacts/account/99602811-8c09-4cd0-b17c-cc8759eccba8,RemoteDisconnected('Remote end closed connection without response'),4
GET,/api/v1/contactservice/contacts/account/f733794c-cce1-46f5-8990-8e838841eb60,RemoteDisconnected('Remote end closed connection without response'),5
GET,/api/v1/contactservice/contacts/account/b5229fd7-a6c4-4a4f-b3ab-abeb06fc3b2c,RemoteDisconnected('Remote end closed connection without response'),6
GET,/api/v1/contactservice/contacts/account/74a7bdaf-c2fe-41f9-80e6-4cb140863bdc,RemoteDisconnected('Remote end closed connection without response'),6
GET,/api/v1/contactservice/contacts/account/ad3218b9-6dc9-4ed1-af30-6c66e6f84d83,RemoteDisconnected('Remote end closed connection without response'),3
GET,/api/v1/contactservice/contacts/account/a0cee40c-5bb0-46a9-a663-30b0679d5358,RemoteDisconnected('Remote end closed connection without response'),4
GET,/api/v1/contactservice/contacts/account/c6ab804c-9983-43dc-b57d-0be4415d4a89,RemoteDisconnected('Remote end closed connection without response'),11
GET,/api/v1/contactservice/contacts/account/6cf180fd-b46b-4a2e-8d16-4efe904e90e0,RemoteDisconnected('Remote end closed connection without response'),5
GET,/api/v1/contactservice/contacts/account/47268400-7b21-4131-ab02-bacbafb569ea,RemoteDisconnected('Remote end closed connection without response'),3
GET,/api/v1/contactservice/contacts/account/76e6cd02-3a1f-4133-88df-71ed59e52875,RemoteDisconnected('Remote end closed connection without response'),5
GET,/api/v1/contactservice/contacts/account/eb97a0fd-7aa3-4d28-9905-c1adc6e40b24,RemoteDisconnected('Remote end closed connection without response'),3
GET,/api/v1/contactservice/contacts/account/17240264-54fb-44b7-9191-bd010c5f49c0,RemoteDisconnected('Remote end closed connection without response'),3
GET,/api/v1/contactservice/contacts/account/63b34487-a5da-4d54-aba5-5d6cecee1ea0,RemoteDisconnected('Remote end closed connection without response'),6
GET,/api/v1/contactservice/contacts/account/bb2dd34a-2f9d-462e-8d50-0105c13d107d,RemoteDisconnected('Remote end closed connection without response'),7
GET,/api/v1/contactservice/contacts/account/d3b0cfd6-9ec1-4754-b0c9-f68c1c5f97c7,RemoteDisconnected('Remote end closed connection without response'),4
GET,/api/v1/adminorderservice/adminorder,HTTPError('504 Server Error: Gateway Time-out for url: /api/v1/adminorderservice/adminorder'),250
GET,/api/v1/contactservice/contacts/account/1a6cabd2-b44f-4027-8296-c2958f001124,RemoteDisconnected('Remote end closed connection without response'),8
GET,/api/v1/contactservice/contacts/account/eb2aec18-2ff3-4b4d-bd39-a77c3cc821d2,RemoteDisconnected('Remote end closed connection without response'),3
GET,/api/v1/contactservice/contacts/account/c16f565f-492a-4fa9-98a5-315e818bfac2,RemoteDisconnected('Remote end closed connection without response'),7
GET,/api/v1/contactservice/contacts/account/9babdb2f-aece-44f7-a007-de8815bc4203,RemoteDisconnected('Remote end closed connection without response'),2
GET,/api/v1/contactservice/contacts/account/7ff2d70a-3f62-4b20-b2aa-0797c4497a08,RemoteDisconnected('Remote end closed connection without response'),6
GET,/api/v1/contactservice/contacts/account/e23e0765-e92d-4825-bf0b-1ce411532d45,RemoteDisconnected('Remote end closed connection without response'),6
GET,/api/v1/contactservice/contacts/account/8903503e-a894-4853-a194-02cba8a6664e,RemoteDisconnected('Remote end closed connection without response'),2
GET,/api/v1/contactservice/contacts/account/94b08dae-fbf5-4403-9a9f-2fff6374adce,RemoteDisconnected('Remote end closed connection without response'),20
GET,/api/v1/contactservice/contacts/account/ff1723d8-74db-4a79-8367-6583c03fe3df,RemoteDisconnected('Remote end closed connection without response'),13
GET,/api/v1/verifycode/generate,"ConnectionResetError(104, 'Connection reset by peer')",113
GET,/api/v1/contactservice/contacts/account/58f825e4-bf57-4792-abbf-8ca7c1976b66,RemoteDisconnected('Remote end closed connection without response'),26
GET,/api/v1/contactservice/contacts/account/b5d797c5-0994-4859-ae7b-d116d220e0cb,RemoteDisconnected('Remote end closed connection without response'),6
GET,/api/v1/contactservice/contacts/account/e81737ed-da16-4329-9c28-44b762e95052,RemoteDisconnected('Remote end closed connection without response'),3
GET,/api/v1/contactservice/contacts/account/b13d76f4-7d81-4227-84e8-cd3f2c96ba59,RemoteDisconnected('Remote end closed connection without response'),13
GET,/api/v1/contactservice/contacts/account/d266659b-e55e-4c70-a3fd-65e365b8ada1,RemoteDisconnected('Remote end closed connection without response'),7
GET,/api/v1/contactservice/contacts/account/c3e682c2-7423-4b37-bb21-4bf70ed5ed12,RemoteDisconnected('Remote end closed connection without response'),5
GET,/api/v1/contactservice/contacts/account/34cd907f-c007-4669-ac40-46095dd9105d,RemoteDisconnected('Remote end closed connection without response'),4
GET,/api/v1/contactservice/contacts/account/73687e2c-753f-43f4-95ef-9ca5a2ae065d,RemoteDisconnected('Remote end closed connection without response'),7
GET,/api/v1/adminuserservice/users,"ConnectionResetError(104, 'Connection reset by peer')",9
GET,/api/v1/contactservice/contacts/account/22441022-ad9f-4bb2-85bb-89b87334c8f4,RemoteDisconnected('Remote end closed connection without response'),2
GET,/api/v1/contactservice/contacts/account/65bd1145-3fff-4267-bc27-2136a70a87af,RemoteDisconnected('Remote end closed connection without response'),4
GET,/api/v1/contactservice/contacts/account/36c1b715-0713-4d19-9d02-95314aa1b468,RemoteDisconnected('Remote end closed connection without response'),9
GET,/api/v1/contactservice/contacts/account/adb9b957-45bd-4c2f-a67b-c3256b772079,RemoteDisconnected('Remote end closed connection without response'),5
GET,/api/v1/contactservice/contacts/account/,"ConnectionResetError(104, 'Connection reset by peer')",28
GET,/api/v1/contactservice/contacts/account/bb5a51d6-4801-484e-88d0-51551e6bcb19,RemoteDisconnected('Remote end closed connection without response'),4
GET,/api/v1/contactservice/contacts/account/08fed918-45bb-473a-8d5e-858ff4e4b310,RemoteDisconnected('Remote end closed connection without response'),8
GET,/api/v1/contactservice/contacts/account/a8a740bc-0d35-41f4-a75b-c803ee354356,RemoteDisconnected('Remote end closed connection without response'),8
GET,/api/v1/contactservice/contacts/account/c0ece8fd-1946-45f0-8ba2-e2736076066f,RemoteDisconnected('Remote end closed connection without response'),6
GET,/index.html,RemoteDisconnected('Remote end closed connection without response'),4838
GET,/api/v1/contactservice/contacts/account/8d1c2aed-a640-4631-b7a4-52386988151d,RemoteDisconnected('Remote end closed connection without response'),3
GET,/api/v1/contactservice/contacts/account/7915bac0-65f6-414a-b193-013d24436a69,RemoteDisconnected('Remote end closed connection without response'),6
GET,/api/v1/contactservice/contacts/account/6f82fe58-264b-4d89-862f-c5ecd41d4756,RemoteDisconnected('Remote end closed connection without response'),7
GET,/api/v1/contactservice/contacts/account/6287fa05-772c-4248-8ae0-db9d919d6e1d,RemoteDisconnected('Remote end closed connection without response'),3
GET,/api/v1/contactservice/contacts/account/84d7528c-08ac-4414-9ff4-6d1e48d81ade,RemoteDisconnected('Remote end closed connection without response'),12
GET,/api/v1/contactservice/contacts/account/a8839f9c-5608-46fe-bff6-f6f0d38888a6,RemoteDisconnected('Remote end closed connection without response'),6
GET,/api/v1/contactservice/contacts/account/fd9661ef-24da-4770-8f87-21cd433058a0,RemoteDisconnected('Remote end closed connection without response'),10
GET,/api/v1/contactservice/contacts/account/7096b2f5-f300-4cba-8e82-040da8213781,RemoteDisconnected('Remote end closed connection without response'),9
GET,/api/v1/contactservice/contacts/account/d677bfbd-035d-405a-a071-714ef06b61ff,RemoteDisconnected('Remote end closed connection without response'),3
GET,/api/v1/contactservice/contacts/account/b31685dc-298a-47ee-aa8c-0fc12767d935,RemoteDisconnected('Remote end closed connection without response'),10
GET,/api/v1/contactservice/contacts/account/3d1cf8ea-8a5a-4d43-9c4b-aecbffc1cd87,RemoteDisconnected('Remote end closed connection without response'),5
GET,/api/v1/contactservice/contacts/account/e124f272-2aca-4b7f-baf7-0aa2789086e5,RemoteDisconnected('Remote end closed connection without response'),7
GET,/api/v1/contactservice/contacts/account/e5ee34b5-b9d7-434a-9b2e-7467195138e7,RemoteDisconnected('Remote end closed connection without response'),6
GET,/api/v1/contactservice/contacts/account/22ea571c-99ab-4882-bd74-e480e40cfcf7,RemoteDisconnected('Remote end closed connection without response'),4
GET,/api/v1/contactservice/contacts/account/802069e6-a5c7-4ea2-b4df-ba0ea46498c2,RemoteDisconnected('Remote end closed connection without response'),4
GET,/api/v1/contactservice/contacts/account/48fa1c05-75cc-4b45-b55a-5a407c34b737,RemoteDisconnected('Remote end closed connection without response'),9
GET,/api/v1/contactservice/contacts/account/6e48fd9c-140b-4f11-99b1-4ea9ce9bfab4,RemoteDisconnected('Remote end closed connection without response'),11
GET,/api/v1/contactservice/contacts/account/ae1aca3e-7eba-4a96-87ca-c98a0eae4b12,RemoteDisconnected('Remote end closed connection without response'),4
GET,/api/v1/contactservice/contacts/account/f1f6763c-4c0f-4179-b2f5-820e65c7eac5,RemoteDisconnected('Remote end closed connection without response'),3
GET,/api/v1/contactservice/contacts/account/b3da6db0-eded-4fbc-af04-06302193e902,RemoteDisconnected('Remote end closed connection without response'),5
GET,/api/v1/contactservice/contacts/account/affb20cd-cfc5-42a6-b0c9-c8499a768a67,RemoteDisconnected('Remote end closed connection without response'),5
GET,/api/v1/assuranceservice/assurances/types,"ConnectionResetError(104, 'Connection reset by peer')",62
GET,/api/v1/contactservice/contacts/account/2459cc96-d034-4c6f-a9ad-e77bf6510eeb,RemoteDisconnected('Remote end closed connection without response'),9
GET,/api/v1/contactservice/contacts/account/5d33af44-6da9-459c-a39a-3b7890503e4c,RemoteDisconnected('Remote end closed connection without response'),7
GET,/api/v1/contactservice/contacts/account/519c0fb6-5ce9-4097-9380-ea272ef586c7,RemoteDisconnected('Remote end closed connection without response'),8
POST,/api/v1/preserveservice/preserve,RemoteDisconnected('Remote end closed connection without response'),4365
GET,/api/v1/contactservice/contacts/account/65c14bd6-a5c1-4418-9dc7-6cea7944bd59,RemoteDisconnected('Remote end closed connection without response'),4
GET,/api/v1/contactservice/contacts/account/03f7fc13-6acf-40ba-b0e1-ba444746fef7,"ConnectionResetError(104, 'Connection reset by peer')",1
POST,/api/v1/preserveservice/preserve,"ConnectionResetError(104, 'Connection reset by peer')",52
GET,/api/v1/contactservice/contacts/account/54613034-8ae9-43d1-add7-0cda750dc1ff,RemoteDisconnected('Remote end closed connection without response'),3
GET,/api/v1/contactservice/contacts/account/37e5e2e4-eb39-4067-8044-6b9913bf8717,RemoteDisconnected('Remote end closed connection without response'),3
GET,/api/v1/contactservice/contacts/account/8f3f0e72-9e99-4e4a-bbd4-2a3e912f9140,RemoteDisconnected('Remote end closed connection without response'),4
GET,/api/v1/contactservice/contacts/account/9d01a6ee-3f26-4d45-8324-3eebef52fabc,RemoteDisconnected('Remote end closed connection without response'),3
GET,/api/v1/contactservice/contacts/account/1664a98d-cb2d-4c15-b608-0339cfc174fb,RemoteDisconnected('Remote end closed connection without response'),5
GET,/api/v1/contactservice/contacts/account/2777dfe6-a494-48e6-8e05-6c6ff262680b,RemoteDisconnected('Remote end closed connection without response'),6
GET,/api/v1/contactservice/contacts/account/e6353baf-6268-4e31-b10a-53f3fd5a7ebb,RemoteDisconnected('Remote end closed connection without response'),7
GET,/api/v1/contactservice/contacts/account/07550d75-d185-472a-a5e0-b352ae63f14c,RemoteDisconnected('Remote end closed connection without response'),1
GET,/api/v1/contactservice/contacts/account/083f0d2f-c923-41a9-ad83-bf4ec8e66422,RemoteDisconnected('Remote end closed connection without response'),3
GET,/api/v1/contactservice/contacts/account/ce73c38a-8e52-4a98-bfab-09dcd24785f0,RemoteDisconnected('Remote end closed connection without response'),9
GET,/api/v1/contactservice/contacts/account/399279b4-f965-4849-979a-3eea45151b7e,RemoteDisconnected('Remote end closed connection without response'),7
POST,/api/v1/users/login,RemoteDisconnected('Remote end closed connection without response'),9763
GET,/api/v1/contactservice/contacts/account/4d2a46c7-71cb-4cf1-b5bb-b68406d9da6f,"ConnectionResetError(104, 'Connection reset by peer')",2
GET,/api/v1/contactservice/contacts/account/0ef6cc8f-51ea-4a34-a519-d6c966230c14,RemoteDisconnected('Remote end closed connection without response'),4
GET,/api/v1/contactservice/contacts/account/15a5bed9-d075-4e1d-bc89-85d985f24b6c,RemoteDisconnected('Remote end closed connection without response'),10
GET,/api/v1/contactservice/contacts/account/b5c8cecd-32f5-4a74-b833-c5480c7319b9,RemoteDisconnected('Remote end closed connection without response'),3
GET,/api/v1/contactservice/contacts/account/37c7dd5b-0c7a-4777-acf6-f614e7590733,RemoteDisconnected('Remote end closed connection without response'),6
GET,/api/v1/contactservice/contacts/account/33a9f7eb-f2a5-4c83-99d7-b2c1ce4c33ac,RemoteDisconnected('Remote end closed connection without response'),5
GET,/api/v1/contactservice/contacts/account/cfe16006-7ff3-4247-b371-14fbd43a54e9,RemoteDisconnected('Remote end closed connection without response'),2
GET,/api/v1/contactservice/contacts/account/f3d823dd-beda-4db2-ba76-30e9dab35939,RemoteDisconnected('Remote end closed connection without response'),3
GET,/api/v1/contactservice/contacts/account/c29c6dd3-ff22-4a5d-ab10-9246f9fde9ff,RemoteDisconnected('Remote end closed connection without response'),3
GET,/api/v1/contactservice/contacts/account/92a6ec73-5e89-4702-a8d1-9ee96119185c,RemoteDisconnected('Remote end closed connection without response'),8
GET,/api/v1/contactservice/contacts/account/fa3911d8-4690-4cd5-b928-cd11ff6550cf,"ConnectionResetError(104, 'Connection reset by peer')",1
GET,/api/v1/contactservice/contacts/account/556d509f-5097-4721-aaad-b3f87700ada1,RemoteDisconnected('Remote end closed connection without response'),3
GET,/api/v1/contactservice/contacts/account/2709e829-b2aa-40f5-bdd7-0d1a7a7a352c,RemoteDisconnected('Remote end closed connection without response'),2
GET,/api/v1/contactservice/contacts/account/f5af88db-47a8-44cd-8f3e-d591e7ce062d,RemoteDisconnected('Remote end closed connection without response'),2
GET,/api/v1/contactservice/contacts/account/89c2ba97-7560-4515-b195-178477227f33,RemoteDisconnected('Remote end closed connection without response'),3
GET,/api/v1/contactservice/contacts/account/da01f25b-8f15-4099-8325-56a001f478b4,RemoteDisconnected('Remote end closed connection without response'),10
GET,/api/v1/contactservice/contacts/account/7ba17286-169e-4acf-b012-aa8c5775b615,RemoteDisconnected('Remote end closed connection without response'),3
GET,/api/v1/contactservice/contacts/account/dc8bde73-9c28-4c98-9fc0-3ae3a2d3fb42,RemoteDisconnected('Remote end closed connection without response'),7
GET,/api/v1/contactservice/contacts/account/03f7fc13-6acf-40ba-b0e1-ba444746fef7,RemoteDisconnected('Remote end closed connection without response'),7
GET,/api/v1/contactservice/contacts/account/7d1dc490-56a0-45cd-85a4-157cf1c623e8,RemoteDisconnected('Remote end closed connection without response'),7
GET,/api/v1/contactservice/contacts/account/34cd907f-c007-4669-ac40-46095dd9105d,"ConnectionResetError(104, 'Connection reset by peer')",1
GET,/api/v1/contactservice/contacts/account/515a840e-d95e-42ca-a34f-2bc22b20e8fc,RemoteDisconnected('Remote end closed connection without response'),6
GET,/api/v1/contactservice/contacts/account/011c0740-5dbb-4ee3-8f89-fd2b1f949bea,RemoteDisconnected('Remote end closed connection without response'),4
GET,/api/v1/foodservice/foods/2024-08-16/Shang%20Hai/Su%20Zhou/D1345,"ConnectionResetError(104, 'Connection reset by peer')",58
GET,/api/v1/contactservice/contacts/account/c09d8049-4e58-43ad-905e-c3780fa66540,RemoteDisconnected('Remote end closed connection without response'),3
GET,/api/v1/contactservice/contacts/account/8ec1c726-2905-4bcf-bb1e-1d1e50fc8d1f,RemoteDisconnected('Remote end closed connection without response'),7
POST,/api/v1/adminuserservice/users,RemoteDisconnected('Remote end closed connection without response'),30
GET,/api/v1/contactservice/contacts/account/71708c3d-9a97-48c9-a6c8-b78734ccb0b2,RemoteDisconnected('Remote end closed connection without response'),11
GET,/api/v1/contactservice/contacts/account/b56e0945-b829-4e10-8363-5151f198c4d2,RemoteDisconnected('Remote end closed connection without response'),2
GET,/api/v1/contactservice/contacts/account/1fa9d754-5767-499a-8a1e-0d63bd8833dd,RemoteDisconnected('Remote end closed connection without response'),8
GET,/api/v1/contactservice/contacts/account/ca726bc0-73df-4c91-92a5-c481a25560d7,RemoteDisconnected('Remote end closed connection without response'),3
GET,/api/v1/contactservice/contacts/account/cc9b6efc-5b55-481b-b909-49ee6107d5bb,RemoteDisconnected('Remote end closed connection without response'),6
GET,/api/v1/contactservice/contacts/account/822b7b0c-928b-4bc4-8056-bbeea7317a03,RemoteDisconnected('Remote end closed connection without response'),4
GET,/api/v1/contactservice/contacts/account/bf80786a-8bd0-4fd8-b6e9-8f2ca8a3dac0,RemoteDisconnected('Remote end closed connection without response'),6
GET,/api/v1/contactservice/contacts/account/58e5b331-5b94-4881-a271-05940a9f4515,RemoteDisconnected('Remote end closed connection without response'),5
GET,/api/v1/contactservice/contacts/account/01510b97-771d-459a-975f-a4e8bb94e537,RemoteDisconnected('Remote end closed connection without response'),3
GET,/api/v1/contactservice/contacts/account/3e8c5323-3b1c-4074-82c0-30992e584ad2,RemoteDisconnected('Remote end closed connection without response'),7
GET,/api/v1/contactservice/contacts/account/ccaecc7f-2ff6-49c6-9ed1-7ee323ad6e06,RemoteDisconnected('Remote end closed connection without response'),9
GET,/api/v1/contactservice/contacts/account/14da925d-a1ec-40b7-855b-6b8d1f93c6ed,RemoteDisconnected('Remote end closed connection without response'),3
GET,/api/v1/contactservice/contacts/account/6e340be1-33ff-40e3-b7d5-d8b535cca5cb,RemoteDisconnected('Remote end closed connection without response'),3
GET,/api/v1/contactservice/contacts/account/0ec53ba0-be35-4d1f-898d-d37f40b91aa5,RemoteDisconnected('Remote end closed connection without response'),4
GET,/api/v1/contactservice/contacts/account/301afb52-b18a-4674-a97b-520420192f66,RemoteDisconnected('Remote end closed connection without response'),8
GET,/api/v1/contactservice/contacts/account/85da2449-a8c4-49b6-96ba-6716f00a8eca,RemoteDisconnected('Remote end closed connection without response'),8
GET,/api/v1/contactservice/contacts/account/293d4612-ea03-429e-af71-fa2b850cd709,RemoteDisconnected('Remote end closed connection without response'),14
GET,/api/v1/contactservice/contacts/account/0ce0e5a5-44d0-4641-b9f4-0eaf5f76d1d4,RemoteDisconnected('Remote end closed connection without response'),5
GET,/api/v1/contactservice/contacts/account/cc3c953f-ecf1-4ba6-ad9c-192cd40db63b,RemoteDisconnected('Remote end closed connection without response'),10
GET,/api/v1/contactservice/contacts/account/58efa05d-789a-4464-98f5-87eb8b98920b,RemoteDisconnected('Remote end closed connection without response'),4
GET,/api/v1/contactservice/contacts/account/f54e6a64-91ef-49e3-9109-c630304ee4a5,RemoteDisconnected('Remote end closed connection without response'),2
GET,/api/v1/contactservice/contacts/account/ee28ffe7-7bc0-4b57-93ab-47d8473e2030,RemoteDisconnected('Remote end closed connection without response'),10
GET,/api/v1/contactservice/contacts/account/456f95dd-ad76-49c7-8f30-f8dfdfdb0bb2,RemoteDisconnected('Remote end closed connection without response'),6
GET,/api/v1/contactservice/contacts/account/665bea71-a72f-4d90-a258-c5cbdddd120f,RemoteDisconnected('Remote end closed connection without response'),5
GET,/api/v1/contactservice/contacts/account/8cfd57bf-7fdc-44ac-8dcf-2a2180e1d829,RemoteDisconnected('Remote end closed connection without response'),3
GET,/api/v1/contactservice/contacts/account/a5d0fd4e-ff20-428b-99cb-64f94347859f,RemoteDisconnected('Remote end closed connection without response'),3
GET,/api/v1/contactservice/contacts/account/03f0c4b9-d6af-4b83-898e-fe8c3bb135ad,RemoteDisconnected('Remote end closed connection without response'),4
GET,/api/v1/contactservice/contacts/account/968e58ea-4368-47d1-96d2-88b8040d716f,RemoteDisconnected('Remote end closed connection without response'),3
GET,/api/v1/contactservice/contacts/account/dc6b614a-7ea9-4745-95f8-ec940192bd54,RemoteDisconnected('Remote end closed connection without response'),5
GET,/api/v1/contactservice/contacts/account/49390a8e-3be0-42d4-b43a-c78c779b9072,RemoteDisconnected('Remote end closed connection without response'),8
GET,/api/v1/contactservice/contacts/account/a40b829f-d50e-4838-b62b-8863e7ccf0af,RemoteDisconnected('Remote end closed connection without response'),5
GET,/api/v1/assuranceservice/assurances/types,HTTPError('403 Client Error:  for url: /api/v1/assuranceservice/assurances/types'),311
GET,/api/v1/contactservice/contacts/account/a1be324d-18f2-4e96-846f-822dfb2f03c7,"ConnectionResetError(104, 'Connection reset by peer')",1
GET,/api/v1/contactservice/contacts/account/fd4619b5-0013-4a86-b8bd-5a74b9098fd2,RemoteDisconnected('Remote end closed connection without response'),6
GET,/api/v1/contactservice/contacts/account/c8f6b456-0ab1-492a-8e65-85ff0413419b,RemoteDisconnected('Remote end closed connection without response'),1
GET,/api/v1/contactservice/contacts/account/b808e01b-db7c-4e68-95b5-a35a4e77f7cb,RemoteDisconnected('Remote end closed connection without response'),6
GET,/api/v1/contactservice/contacts/account/914fd426-511c-4e23-b387-4d20f2ebfa54,"ConnectionResetError(104, 'Connection reset by peer')",1
GET,/api/v1/contactservice/contacts/account/3f99cd92-eb21-46f8-a70a-b8ac583fd7b4,RemoteDisconnected('Remote end closed connection without response'),2
GET,/api/v1/contactservice/contacts/account/4e6252e8-fcbd-47cc-9717-105e71d77a61,RemoteDisconnected('Remote end closed connection without response'),2
GET,/api/v1/contactservice/contacts/account/1cbdf798-2ad5-4adf-bd1c-7a15f42163b5,RemoteDisconnected('Remote end closed connection without response'),9
GET,/api/v1/contactservice/contacts/account/6b83ae48-8a2c-4065-b51d-02f5ff41fab4,RemoteDisconnected('Remote end closed connection without response'),6
GET,/api/v1/contactservice/contacts/account/412c82f0-d4ce-4fdd-a667-7ea7f39c4fe7,RemoteDisconnected('Remote end closed connection without response'),5
GET,/api/v1/contactservice/contacts/account/def2f14f-c4c0-4ec7-855c-285c894347eb,RemoteDisconnected('Remote end closed connection without response'),8
GET,/api/v1/contactservice/contacts/account/6c3f8fe0-651c-4d60-8b7f-bf2f88726038,RemoteDisconnected('Remote end closed connection without response'),3
GET,/api/v1/contactservice/contacts/account/70888d6c-4947-4c7f-a23d-060a8e6f5265,RemoteDisconnected('Remote end closed connection without response'),3
GET,/api/v1/contactservice/contacts/account/b3b96a0f-c17c-4094-a11b-6826de16ca90,RemoteDisconnected('Remote end closed connection without response'),7
GET,/client_login.html,"ConnectionResetError(104, 'Connection reset by peer')",53
GET,/api/v1/contactservice/contacts/account/78374c9a-f19f-49c7-869e-8983905dabe4,RemoteDisconnected('Remote end closed connection without response'),10
GET,/api/v1/contactservice/contacts/account/d4fcdcba-2cb8-4ce2-b194-4fc702f495a3,RemoteDisconnected('Remote end closed connection without response'),3
GET,/api/v1/contactservice/contacts/account/f91a96f8-57ac-462a-ac9d-d14e12547a96,RemoteDisconnected('Remote end closed connection without response'),2
GET,/api/v1/contactservice/contacts/account/1e273d78-f75f-4501-8717-f206340819c3,RemoteDisconnected('Remote end closed connection without response'),2
GET,/api/v1/contactservice/contacts/account/eb65b718-c4a8-49c5-a2b4-0fd887c4e49c,RemoteDisconnected('Remote end closed connection without response'),5
GET,/api/v1/contactservice/contacts/account/0c6aec88-fc3e-4c11-a5fa-03fda0ebd3aa,"ConnectionResetError(104, 'Connection reset by peer')",1
GET,/api/v1/contactservice/contacts/account/13308543-392f-42df-a95b-20a69e3b10b0,RemoteDisconnected('Remote end closed connection without response'),10
GET,/api/v1/contactservice/contacts/account/3deff4f4-8101-414a-b0c5-f0bcb84605d4,RemoteDisconnected('Remote end closed connection without response'),6
GET,/api/v1/contactservice/contacts/account/9352cd10-75c2-4a15-bb75-9df486eb7c8d,RemoteDisconnected('Remote end closed connection without response'),6
GET,/api/v1/contactservice/contacts/account/ba6755b9-6d46-4b7b-8b2a-0b551166fd2f,RemoteDisconnected('Remote end closed connection without response'),3
GET,/api/v1/contactservice/contacts/account/b612ead1-8b64-4c37-9d01-ef0cd8ccdb2d,RemoteDisconnected('Remote end closed connection without response'),4
GET,/admin_user.html,RemoteDisconnected('Remote end closed connection without response'),32
GET,/api/v1/contactservice/contacts/account/d71c047b-4fb7-48d0-9f52-b8c58f674dfe,RemoteDisconnected('Remote end closed connection without response'),6
GET,/api/v1/contactservice/contacts/account/149f08de-9e89-4094-aeb6-72a2132ed483,RemoteDisconnected('Remote end closed connection without response'),6
GET,/api/v1/contactservice/contacts/account/21b75084-5091-4318-a205-d2b0ed89a288,RemoteDisconnected('Remote end closed connection without response'),3
GET,/api/v1/contactservice/contacts/account/cc3c953f-ecf1-4ba6-ad9c-192cd40db63b,"ConnectionResetError(104, 'Connection reset by peer')",1
GET,/api/v1/contactservice/contacts/account/55c1e4a9-6878-4e37-9009-687d0e73de60,RemoteDisconnected('Remote end closed connection without response'),8
POST,/api/v1/travelservice/trips/left,HTTPError('504 Server Error: Gateway Time-out for url: /api/v1/travelservice/trips/left'),434
GET,/api/v1/contactservice/contacts/account/d8518fa5-7e93-47cc-a631-e98a761a1cbb,RemoteDisconnected('Remote end closed connection without response'),17
GET,/api/v1/foodservice/foods/2024-08-16/Shang%20Hai/Su%20Zhou/D1345,HTTPError('504 Server Error: Gateway Time-out for url: /api/v1/foodservice/foods/2024-08-16/Shang%20Hai/Su%20Zhou/D1345'),187
GET,/api/v1/contactservice/contacts/account/,HTTPError('500 Server Error:  for url: /api/v1/contactservice/contacts/account/'),61
GET,/api/v1/contactservice/contacts/account/03e3b6a5-d65f-4f8e-b998-9423b115cff4,RemoteDisconnected('Remote end closed connection without response'),13
GET,/api/v1/contactservice/contacts/account/54fad667-09f4-48d9-9e15-b93898615061,RemoteDisconnected('Remote end closed connection without response'),5
GET,/api/v1/contactservice/contacts/account/fbeb035b-bc05-4b62-ad90-230250dfb0da,RemoteDisconnected('Remote end closed connection without response'),5
GET,/api/v1/contactservice/contacts/account/0c52db74-bc57-4d74-abd5-e233a340d608,RemoteDisconnected('Remote end closed connection without response'),1
GET,/api/v1/adminuserservice/users,RemoteDisconnected('Remote end closed connection without response'),468
GET,/api/v1/contactservice/contacts/account/a44f7d52-725f-4ce0-bf07-d78c11ea81f4,RemoteDisconnected('Remote end closed connection without response'),6
GET,/api/v1/contactservice/contacts/account/a790c602-d642-4a9b-9d2c-4d79143eaf9c,RemoteDisconnected('Remote end closed connection without response'),9
GET,/api/v1/contactservice/contacts/account/73a8c3e8-ef25-4a00-8089-ae38378493f9,RemoteDisconnected('Remote end closed connection without response'),2
GET,/api/v1/contactservice/contacts/account/5c38431a-4f46-4148-a73b-c3ffeb9571b2,RemoteDisconnected('Remote end closed connection without response'),3
GET,/api/v1/contactservice/contacts/account/746b00fb-ab28-4bf4-8441-ea5a4874e561,RemoteDisconnected('Remote end closed connection without response'),2
GET,/api/v1/contactservice/contacts/account/811f2133-7830-4a28-aa38-d2b96b04c1b4,RemoteDisconnected('Remote end closed connection without response'),8
GET,/index.html,"ConnectionResetError(104, 'Connection reset by peer')",67
GET,/api/v1/contactservice/contacts/account/2fb3e0a0-9052-4e2a-b906-e53bed60e07d,RemoteDisconnected('Remote end closed connection without response'),4
GET,/api/v1/contactservice/contacts/account/142b3e1e-bbc7-4db6-a7e6-d6da1255b00a,RemoteDisconnected('Remote end closed connection without response'),9
GET,/api/v1/contactservice/contacts/account/77b63120-07d5-494f-91e2-ceffa5fee30f,RemoteDisconnected('Remote end closed connection without response'),4
GET,/api/v1/contactservice/contacts/account/fb80eaaf-aedb-4511-bb03-0adecafeed4a,RemoteDisconnected('Remote end closed connection without response'),3
GET,/api/v1/contactservice/contacts/account/b0ee7873-90dd-4d90-ab60-2bd97b194b52,RemoteDisconnected('Remote end closed connection without response'),5
GET,/api/v1/contactservice/contacts/account/96cbca0b-3382-4e61-9400-6e12767bf579,RemoteDisconnected('Remote end closed connection without response'),6
GET,/api/v1/contactservice/contacts/account/70954540-9098-40c6-8f58-0fe867dbabc5,RemoteDisconnected('Remote end closed connection without response'),5
GET,/api/v1/contactservice/contacts/account/c0309126-6499-403e-b8ae-e6939c2e25c8,RemoteDisconnected('Remote end closed connection without response'),3
GET,/api/v1/contactservice/contacts/account/87129333-09a1-4370-bf70-9089595d705e,RemoteDisconnected('Remote end closed connection without response'),5
GET,/api/v1/contactservice/contacts/account/76cef937-79e5-4acf-9222-ff898a6dd63c,RemoteDisconnected('Remote end closed connection without response'),3
GET,/api/v1/contactservice/contacts/account/9aa90a1b-99d7-4634-b992-26ca7cd4dd68,RemoteDisconnected('Remote end closed connection without response'),15
GET,/api/v1/contactservice/contacts/account/204eadca-6a27-4c4e-8451-ed2abefab148,RemoteDisconnected('Remote end closed connection without response'),2
GET,/api/v1/contactservice/contacts/account/e9932ad1-f111-43fe-8bcf-bcd325988d0a,RemoteDisconnected('Remote end closed connection without response'),9
GET,/api/v1/contactservice/contacts/account/d71c047b-4fb7-48d0-9f52-b8c58f674dfe,"ConnectionResetError(104, 'Connection reset by peer')",1
GET,/api/v1/contactservice/contacts/account/5966f193-280f-4080-82d7-339e13426ab4,RemoteDisconnected('Remote end closed connection without response'),4
GET,/api/v1/contactservice/contacts/account/aaa466d2-e2bf-460e-9380-07906ec89589,RemoteDisconnected('Remote end closed connection without response'),5
GET,/api/v1/contactservice/contacts/account/7a78dc04-eded-4ef8-9f0c-e1f777dbad22,RemoteDisconnected('Remote end closed connection without response'),4
POST,/api/v1/users/login,"ConnectionResetError(104, 'Connection reset by peer')",132
GET,/api/v1/contactservice/contacts/account/d1d66ff3-25b7-4018-ac31-69d8ec2c2267,RemoteDisconnected('Remote end closed connection without response'),14
GET,/api/v1/contactservice/contacts/account/8cb24796-f6e1-4ce2-870c-a161242baef7,RemoteDisconnected('Remote end closed connection without response'),7
GET,/api/v1/contactservice/contacts/account/774cc044-313d-49d1-a403-5a5fca2b86d2,RemoteDisconnected('Remote end closed connection without response'),8
GET,/api/v1/contactservice/contacts/account/feafa08a-148d-45e2-a629-5baa6a48a077,RemoteDisconnected('Remote end closed connection without response'),4
GET,/api/v1/contactservice/contacts/account/dfdfe0d0-968c-47d2-8af5-2349dc46c910,RemoteDisconnected('Remote end closed connection without response'),6
GET,/api/v1/contactservice/contacts/account/028beeaf-8d35-43d2-9f33-089e8db53745,RemoteDisconnected('Remote end closed connection without response'),7
GET,/api/v1/contactservice/contacts/account/914fd426-511c-4e23-b387-4d20f2ebfa54,RemoteDisconnected('Remote end closed connection without response'),6
GET,/api/v1/contactservice/contacts/account/0eabdd31-e57d-4444-b74e-81630c9ab225,RemoteDisconnected('Remote end closed connection without response'),8
GET,/api/v1/contactservice/contacts/account/08319e01-31e5-4a34-be4b-977fb73f4c06,RemoteDisconnected('Remote end closed connection without response'),3
GET,/api/v1/contactservice/contacts/account/027347cd-b199-447f-a55f-5d27a4db93c6,RemoteDisconnected('Remote end closed connection without response'),3
GET,/api/v1/contactservice/contacts/account/4467021f-0b1c-4400-a1cc-ba82849ebfe1,RemoteDisconnected('Remote end closed connection without response'),5
GET,/api/v1/contactservice/contacts/account/2d0e3a99-1468-47cc-adb1-14635e6ca406,RemoteDisconnected('Remote end closed connection without response'),4
GET,/api/v1/contactservice/contacts/account/dccc44c6-a693-4bbe-838a-3bdd917db874,RemoteDisconnected('Remote end closed connection without response'),11
GET,/api/v1/contactservice/contacts/account/ebdf1684-397b-4288-880e-ed417ec19149,RemoteDisconnected('Remote end closed connection without response'),4
GET,/api/v1/contactservice/contacts/account/6aae62cf-be74-46f0-8cb8-f4127bc9ad4a,RemoteDisconnected('Remote end closed connection without response'),6
GET,/api/v1/contactservice/contacts/account/fa3911d8-4690-4cd5-b928-cd11ff6550cf,RemoteDisconnected('Remote end closed connection without response'),8
GET,/api/v1/verifycode/generate,RemoteDisconnected('Remote end closed connection without response'),9830
GET,/api/v1/contactservice/contacts/account/3dc60bdb-9e6e-4caa-b7da-dcf7d7a07481,RemoteDisconnected('Remote end closed connection without response'),2
GET,/api/v1/contactservice/contacts/account/66205e2e-f40c-4bdb-9f0a-8d4d783de670,RemoteDisconnected('Remote end closed connection without response'),9
GET,/api/v1/contactservice/contacts/account/648d10be-dbef-4de8-85c0-abd5c391e218,RemoteDisconnected('Remote end closed connection without response'),1
GET,/api/v1/contactservice/contacts/account/a91f3970-7876-4c8b-9474-e19d62b65409,RemoteDisconnected('Remote end closed connection without response'),4
GET,/api/v1/contactservice/contacts/account/956b754e-98b1-40ba-8e61-368229d2cf35,"ConnectionResetError(104, 'Connection reset by peer')",1
GET,/api/v1/contactservice/contacts/account/b46ac53a-27e4-4775-816f-4b3dcc080737,RemoteDisconnected('Remote end closed connection without response'),11
GET,/api/v1/contactservice/contacts/account/74205766-7987-4885-b880-9681e960c300,RemoteDisconnected('Remote end closed connection without response'),4
GET,/api/v1/contactservice/contacts/account/bc299b8f-96b1-4025-8774-98a58c746c6d,RemoteDisconnected('Remote end closed connection without response'),6
GET,/api/v1/contactservice/contacts/account/1af222db-b850-400b-8418-3e23b16d1d5b,RemoteDisconnected('Remote end closed connection without response'),5
GET,/api/v1/contactservice/contacts/account/626652b6-7a32-4247-a7a0-20faa60112c3,RemoteDisconnected('Remote end closed connection without response'),4
GET,/api/v1/verifycode/generate,HTTPError('500 Server Error: Internal Server Error for url: /api/v1/verifycode/generate'),1
GET,/api/v1/contactservice/contacts/account/f6947827-ded6-41f6-b80d-8753d01e88f7,RemoteDisconnected('Remote end closed connection without response'),3
GET,/api/v1/contactservice/contacts/account/8ebde066-17f7-4432-b994-c71710ab8db0,RemoteDisconnected('Remote end closed connection without response'),7
GET,/api/v1/contactservice/contacts/account/d7718fdd-3aad-4822-99d9-d267e3705027,RemoteDisconnected('Remote end closed connection without response'),6
GET,/api/v1/contactservice/contacts/account/fb8e2be4-49fd-489d-a01b-11ef8a83b69a,RemoteDisconnected('Remote end closed connection without response'),3
GET,/api/v1/contactservice/contacts/account/192645b2-6943-444c-a772-0853d5181d62,RemoteDisconnected('Remote end closed connection without response'),5
GET,/api/v1/contactservice/contacts/account/8ebde066-17f7-4432-b994-c71710ab8db0,"ConnectionResetError(104, 'Connection reset by peer')",1
GET,/api/v1/contactservice/contacts/account/4bbf08de-39a4-4ca0-88ec-0f44a8a56799,RemoteDisconnected('Remote end closed connection without response'),2
GET,/api/v1/contactservice/contacts/account/dac6c5f5-c69f-4051-aecb-147195647742,RemoteDisconnected('Remote end closed connection without response'),6
GET,/api/v1/contactservice/contacts/account/849fd6aa-15ee-446e-813d-46b87cb6173a,RemoteDisconnected('Remote end closed connection without response'),8
GET,/api/v1/contactservice/contacts/account/db68c3ce-5263-4b75-9c66-c58416f38579,RemoteDisconnected('Remote end closed connection without response'),6
GET,/api/v1/contactservice/contacts/account/c6220fad-4a3b-4181-a766-4a63d28a36bc,RemoteDisconnected('Remote end closed connection without response'),1
GET,/api/v1/contactservice/contacts/account/2eb08693-42e0-4296-9f89-536e3d5a6e10,RemoteDisconnected('Remote end closed connection without response'),7
GET,/api/v1/contactservice/contacts/account/55ee51f2-5f02-4b6d-99ce-1eea9ba0ec1f,RemoteDisconnected('Remote end closed connection without response'),2
GET,/api/v1/contactservice/contacts/account/22b2b594-059c-4791-9ab0-c4050212d3dd,RemoteDisconnected('Remote end closed connection without response'),4
GET,/api/v1/contactservice/contacts/account/bd401083-e86e-489a-bd11-e027d141a48e,RemoteDisconnected('Remote end closed connection without response'),5
GET,/api/v1/contactservice/contacts/account/aa7deb2f-9e1c-4815-bbc9-419c04b5f49f,RemoteDisconnected('Remote end closed connection without response'),5
GET,/api/v1/contactservice/contacts/account/f80f1f47-0efd-4b63-a944-7b1c35849408,RemoteDisconnected('Remote end closed connection without response'),3
GET,/adminlogin.html,RemoteDisconnected('Remote end closed connection without response'),4693
GET,/api/v1/contactservice/contacts/account/5ef0fa3c-bd3d-40db-931c-6ca85f04bd04,RemoteDisconnected('Remote end closed connection without response'),4
GET,/api/v1/contactservice/contacts/account/fb6af613-4ba4-4242-a1ce-345a1e144ce2,RemoteDisconnected('Remote end closed connection without response'),6
GET,/api/v1/contactservice/contacts/account/23607b18-ca16-404a-9291-7854fe57bd7c,RemoteDisconnected('Remote end closed connection without response'),2
GET,/api/v1/contactservice/contacts/account/cacf4b83-a206-454b-921c-fbad4482b40f,RemoteDisconnected('Remote end closed connection without response'),7
GET,/api/v1/contactservice/contacts/account/f63b5814-fe09-42fb-b513-12a7eaba25e8,RemoteDisconnected('Remote end closed connection without response'),6
GET,/api/v1/contactservice/contacts/account/657504d0-74ce-456f-b45d-bbb5cde1e4c0,RemoteDisconnected('Remote end closed connection without response'),2
GET,/api/v1/contactservice/contacts/account/f05c0f5b-a95e-45e6-8fc7-d120af03c0a5,RemoteDisconnected('Remote end closed connection without response'),1
GET,/api/v1/contactservice/contacts/account/8473c2a4-8569-4552-9796-38a488b6adea,RemoteDisconnected('Remote end closed connection without response'),13
GET,/api/v1/contactservice/contacts/account/6bde6e58-d4e5-41aa-91d0-02096c6a6aff,RemoteDisconnected('Remote end closed connection without response'),6
GET,/api/v1/contactservice/contacts/account/308a2fef-d41f-47c1-99c9-0aecf3c4a324,RemoteDisconnected('Remote end closed connection without response'),5
GET,/api/v1/contactservice/contacts/account/e4b5afb0-c064-46cb-a0e4-1eb43d15a357,"ConnectionResetError(104, 'Connection reset by peer')",1
GET,/api/v1/contactservice/contacts/account/7d04f0c8-94b0-49c5-825a-0339d6f24859,RemoteDisconnected('Remote end closed connection without response'),5
GET,/api/v1/contactservice/contacts/account/85da2449-a8c4-49b6-96ba-6716f00a8eca,"ConnectionResetError(104, 'Connection reset by peer')",1
GET,/api/v1/contactservice/contacts/account/a21a5947-ef5a-4981-b178-45de63b66869,RemoteDisconnected('Remote end closed connection without response'),3
GET,/api/v1/contactservice/contacts/account/e070c0b0-76a1-4fcf-b280-c3f220f8bd5d,RemoteDisconnected('Remote end closed connection without response'),2
GET,/api/v1/contactservice/contacts/account/336d400b-6d83-4d39-8482-df3441ab9001,RemoteDisconnected('Remote end closed connection without response'),11
GET,/api/v1/contactservice/contacts/account/25f8f652-dbf4-40c3-a9fc-90ef4cabe173,RemoteDisconnected('Remote end closed connection without response'),9
GET,/api/v1/foodservice/foods/2024-08-16/Shang%20Hai/Su%20Zhou/D1345,RemoteDisconnected('Remote end closed connection without response'),4517
GET,/api/v1/contactservice/contacts/account/57c266da-e678-4d25-9d4a-e8037b9dd021,RemoteDisconnected('Remote end closed connection without response'),8
POST,/api/v1/travelservice/trips/left,"ConnectionResetError(104, 'Connection reset by peer')",52
GET,/api/v1/contactservice/contacts/account/0792db93-eb37-49e4-bf9a-b590f32bcf37,RemoteDisconnected('Remote end closed connection without response'),8
GET,/api/v1/contactservice/contacts/account/d22b3e23-0cf3-4637-bf72-2a8751eec408,RemoteDisconnected('Remote end closed connection without response'),9
GET,/api/v1/adminorderservice/adminorder,RemoteDisconnected('Remote end closed connection without response'),360
GET,/api/v1/contactservice/contacts/account/528f73f1-d307-4998-8e2e-67d723e8c091,RemoteDisconnected('Remote end closed connection without response'),3
GET,/api/v1/contactservice/contacts/account/32b8a9a0-2b02-4c96-8e0a-40dc376cc783,RemoteDisconnected('Remote end closed connection without response'),7
GET,/api/v1/contactservice/contacts/account/5e891126-e919-403b-9094-e203fe7de763,RemoteDisconnected('Remote end closed connection without response'),5
GET,/api/v1/contactservice/contacts/account/e0263a8c-2c8c-4183-8024-f5e481b7b5a2,RemoteDisconnected('Remote end closed connection without response'),4
GET,/api/v1/contactservice/contacts/account/f17fb5f4-3985-4550-b043-b931c2b5468f,RemoteDisconnected('Remote end closed connection without response'),4
GET,/api/v1/contactservice/contacts/account/a3af32a9-cc1d-4e59-84e1-22f6e0dcf65f,RemoteDisconnected('Remote end closed connection without response'),3
GET,/api/v1/contactservice/contacts/account/b8c8171b-d6e9-4e98-bcbd-e9d40ce94d6d,RemoteDisconnected('Remote end closed connection without response'),4
GET,/api/v1/contactservice/contacts/account/ab6d52f8-8f0c-45d4-96a7-ee32b656fde4,RemoteDisconnected('Remote end closed connection without response'),5
GET,/api/v1/contactservice/contacts/account/f9e01f37-1c9b-4e30-b322-161b022e9fa4,RemoteDisconnected('Remote end closed connection without response'),4
GET,/api/v1/contactservice/contacts/account/71a0f87d-6ef3-445b-9ace-485639717029,RemoteDisconnected('Remote end closed connection without response'),3
GET,/api/v1/contactservice/contacts/account/7687ea9c-a92c-444b-8fc3-22924f1df740,RemoteDisconnected('Remote end closed connection without response'),7
GET,/api/v1/contactservice/contacts/account/f0ea0ab0-01d3-4d25-9ed3-0c8aac946c87,RemoteDisconnected('Remote end closed connection without response'),5
GET,/api/v1/contactservice/contacts/account/a1ebf352-1ae6-44f0-9ff0-14548044e8e9,RemoteDisconnected('Remote end closed connection without response'),5
GET,/api/v1/contactservice/contacts/account/bed5bcae-5b2b-4eef-93b0-bcdb38e0ad91,RemoteDisconnected('Remote end closed connection without response'),2
GET,/api/v1/contactservice/contacts/account/412c82f0-d4ce-4fdd-a667-7ea7f39c4fe7,"ConnectionResetError(104, 'Connection reset by peer')",1
GET,/api/v1/contactservice/contacts/account/c471e5e6-7bac-4fcd-8cf4-0fdc4e4fc6f0,RemoteDisconnected('Remote end closed connection without response'),9
POST,/api/v1/contactservice/contacts,RemoteDisconnected('Remote end closed connection without response'),16
GET,/api/v1/contactservice/contacts/account/0c19a06d-5515-437c-a136-afb81202ae7e,RemoteDisconnected('Remote end closed connection without response'),6
GET,/api/v1/contactservice/contacts/account/648c94a9-4e0b-4a66-9348-f276982ff29b,RemoteDisconnected('Remote end closed connection without response'),3
GET,/api/v1/contactservice/contacts/account/0d02b644-2086-4080-81f4-bc013fd21ceb,RemoteDisconnected('Remote end closed connection without response'),12
GET,/api/v1/contactservice/contacts/account/b18b8870-a671-4192-9cf3-85d90827567c,RemoteDisconnected('Remote end closed connection without response'),1
GET,/api/v1/contactservice/contacts/account/a88f2f0f-92e4-423f-be86-85d82d52ab2d,RemoteDisconnected('Remote end closed connection without response'),8
GET,/api/v1/contactservice/contacts/account/5e7509df-6bef-4b2e-893f-34c416d7f15e,RemoteDisconnected('Remote end closed connection without response'),12
GET,/api/v1/contactservice/contacts/account/7bb62659-3c74-42ff-87d8-4a209e3b1ee6,RemoteDisconnected('Remote end closed connection without response'),4
